{
    "uhp.black.bolt.comics.chargeup": {
        "category": "player",
        "sounds": [
            "black_bolt_comics/chargeup"
        ]
    },
    "uhp.black.bolt.comics.shooting": {
        "category": "player",
        "sounds": [
            "black_bolt_comics/shooting"
        ]
    },
    "uhp.bloodsport.chest.gun.shoot": {
        "category": "player",
        "sounds": [
            "bloodsport/chest_gun_shoot"
        ]
    },
    "uhp.bloodsport.rifle.shoot": {
        "category": "player",
        "sounds": [
            "bloodsport/rifle_shoot"
        ]
    },
    "uhp.bloodsport.rifle.upgrade.shoot": {
        "category": "player",
        "sounds": [
            "bloodsport/rifle_upgrade_shoot"
        ]
    },
    "uhp.bloodsport.rifle.upgrade3.shoot": {
        "category": "player",
        "sounds": [
            "bloodsport/rifle_upgrade3_shoot"
        ]
    },
    "uhp.bloodsport.tiny.gun.shoot": {
        "category": "player",
        "sounds": [
            "bloodsport/tiny_gun_shoot"
        ]
    },
    "uhp.dm.a": {
        "category": "player",
        "sounds": [
            "d_m_a"
        ]
    },
    "uhp.dm.d": {
        "category": "player",
        "sounds": [
            "d_m_d"
        ]
    },
    "uhp.electro.beam.loop": {
        "category": "player",
        "sounds": [
            "electro/beam_loop"
        ]
    },
    "uhp.electro.beam.music.loop": {
        "category": "player",
        "sounds": [{
                "name": "electro/beam_music_loop1",
                "stream": true
            }, {
                "name": "electro/beam_music_loop2",
                "stream": true
            }
        ]
    },
    "uhp.electro.energyform.disable": {
        "category": "player",
        "sounds": [
            "electro/energyform_disable"
        ]
    },
    "uhp.electro.energyform.enable": {
        "category": "player",
        "sounds": [
            "electro/energyform_enable"
        ]
    },
    "uhp.electro.energyform.loop": {
        "category": "player",
        "sounds": [
            "electro/energyform_loop"
        ]
    },
    "uhp.electro.energyform.music.disable": {
        "category": "player",
        "sounds": [
            "electro/energyform_music_disable"
        ]
    },
    "uhp.electro.energyform.music.loop": {
        "category": "player",
        "sounds": [
            "electro/energyform_music_loop"
        ]
    },
    "uhp.electro.teleport": {
        "category": "player",
        "sounds": [
            "electro/teleport"
        ]
    },
    "uhp.electro.teleport.music": {
        "category": "player",
        "sounds": [
            "electro/teleport_music"
        ]
    },
    "uhp.five.teleport": {
        "category": "player",
        "sounds": [
            "five/teleport"
        ]
    },
    "uhp.ghost.intangibility.disable": {
        "category": "player",
        "sounds": [
            "ghost/intangibility_disable"
        ]
    },
    "uhp.ghost.intangibility.enable": {
        "category": "player",
        "sounds": [
            "ghost/intangibility_enable"
        ]
    },
    "uhp.ghost.invisibility.disable": {
        "category": "player",
        "sounds": [
            "ghost/intangibility_disable"
        ]
    },
    "uhp.ghost.invisibility.enable": {
        "category": "player",
        "sounds": [
            "ghost/invisibility_enable"
        ]
    },
    "uhp.grapple.shoot": {
        "category": "player",
        "sounds": [
            "grapple_shoot_1",
            "grapple_shoot_2"
        ]
    },
    "uhp.grapple.stress.loop": {
        "category": "player",
        "sounds": [
            "grapple_stress_loop"
        ]
    },
    "uhp.miles.venom.boost": {
        "category": "player",
        "sounds": [
            "spider_man_miles/venom_boost1",
            "spider_man_miles/venom_boost2",
            "spider_man_miles/venom_boost3",
            "spider_man_miles/venom_boost4"
        ]
    },
    "uhp.miles.venom.charge": {
        "category": "player",
        "sounds": [
            "spider_man_miles/venom_charge"
        ]
    },
    "uhp.miles.venom.punch": {
        "category": "player",
        "sounds": [
            "spider_man_miles/venom_punch1",
            "spider_man_miles/venom_punch2",
            "spider_man_miles/venom_punch3",
            "spider_man_miles/venom_punch4"
        ]
    },
    "uhp.scan.zone.swipe": {
        "category": "player",
        "sounds": [
            "scan_zone_swipe"
        ]
    },
    "uhp.scan.zone.cycle": {
        "category": "player",
        "sounds": [
            "scan_zone_cycle"
        ]
    },
    "uhp.data.drive.copy": {
        "category": "player",
        "sounds": [
            "data_drive_copy"
        ]
    },
    "uhp.data.drive.paste": {
        "category": "player",
        "sounds": [
            "data_drive_paste"
        ]
    },
    "uhp.data.drive.delete": {
        "category": "player",
        "sounds": [
            "data_drive_delete"
        ]
    },
    "uhp.soldier.boy.chargeup": {
        "category": "player",
        "sounds": [
            "soldier_boy/chargeup"
        ]
    },
    "uhp.soldier.boy.shooting": {
        "category": "player",
        "sounds": [
            "soldier_boy/shooting"
        ]
    },
    "uhp.soldier.boy.stop": {
        "category": "player",
        "sounds": [
            "soldier_boy/stop"
        ]
    },
    "uhp.taskmaster.grapple.shoot": {
        "category": "player",
        "sounds": [
            "taskmaster/grapple_shoot"
        ]
    },
    "uhp.taskmaster.grapple.stress.loop": {
        "category": "player",
        "sounds": [
            "taskmaster/grapple_stress_loop"
        ]
    },
	"uhp.thor.mjolnir.spin.loop": {
        "category": "player",
        "sounds": [
            "thor/mjolnir_spin"
        ]
    },
	"uhp.thor.mjolnir.punch": {
    "sounds": [
      "thor/mjolnir_punch_1",
	  "thor/mjolnir_punch_2",
	  "thor/mjolnir_punch_3",
	  "thor/mjolnir_punch_4"
    ],
    "category": "player"
  },
  "uhp.thor.mjolnir.takeoff": {
    "sounds": [
      "thor/mjolnir_takeoff"
    ],
    "category": "player"
  },
    "uhp.wanda.aim": {
        "category": "player",
        "sounds": [
            "wanda/aim"
        ]
    },
    "uhp.wanda.flight.loop1": {
        "category": "player",
        "sounds": [
            "wanda/flight_loop1"
        ]
    },
    "uhp.wanda.flight.loop2": {
        "category": "player",
        "sounds": [
            "wanda/flight_loop2"
        ]
    },
    "uhp.wanda.landing": {
        "category": "player",
        "sounds": [
            "wanda/landing"
        ]
    },
    "uhp.wanda.shield": {
        "category": "player",
        "sounds": [
            "wanda/shield"
        ]
    },
    "uhp.wanda.shooting": {
        "category": "player",
        "sounds": [
            "wanda/shooting"
        ]
    },
    "uhp.wanda.stop": {
        "category": "player",
        "sounds": [
            "wanda/stop"
        ]
    },
    "uhp.wanda.telekinesis.grab": {
        "category": "player",
        "sounds": [
            "wanda/telekinesis_grab"
        ]
    },
    "uhp.wanda.telekinesis.loop": {
        "category": "player",
        "sounds": [
            "wanda/telekinesis_loop"
        ]
    },
    "uhp.wanda.throw": {
        "category": "player",
        "sounds": [
            "wanda/throw"
        ]
    },
    "uhp.web.miles.ps5.shoot": {
        "category": "player",
        "sounds": [
            "spider_man_miles/ps5_shoot1",
            "spider_man_miles/ps5_shoot2",
            "spider_man_miles/ps5_shoot3",
            "spider_man_miles/ps5_shoot4",
            "spider_man_miles/ps5_shoot5",
            "spider_man_miles/ps5_shoot6",
            "spider_man_miles/ps5_shoot7"
        ]
    },
    "uhp.web.miles.sv.shoot": {
        "category": "player",
        "sounds": [
            "spider_man_miles/sv_shoot1"
        ]
    },
    "uhp.p90.shooting": {
        "category": "player",
        "sounds": [
            "p90_shoot1",
            "p90_shoot2",
            "p90_shoot3"
        ]
    }
}
